id,campaign_id,channel_id,name,email,recipient,message_id,message_generated,sent,simulated_sent,channel,method,status,provider_message_id,date,error
1,edxso-technology-demo-01,UCuQqc4Jt6bEDvC2UZwqOsQg,integratED Teacher,jacey@integratedteacher.com,jacey@integratedteacher.com,3,True,False,True,email,dry_run,SIMULATED_SENT,,2026-10-04T10:10:10.054120+00:00,
2,edxso-technology-demo-01,UCuQqc4Jt6bEDvC2UZwqOsQg,integratED Teacher,jacey@integratedteacher.com,jacey@integratedteacher.com,3,True,False,False,email,dry_run,DUPLICATE_BLOCKED,,2026-10-04T10:10:16.278074+00:00,
3,edxso-technology-demo-01,UC3o_DxPTKQuozhL32aSXtWA,Chima The Educator,Not Found,Not Found,1,True,False,False,email,dry_run,SKIPPED_NO_EMAIL,,2026-10-04T10:10:26.209368+00:00,
4,edxso-technology-demo-01,UCHNStYWEG7vyXW4hjZ0JZRA,Teaching With Intelligence,db@davidbasulto.com,db@davidbasulto.com,6,True,False,True,email,dry_run,SIMULATED_SENT,,2026-10-04T14:37:54.010409+00:00,
5,edxso-technology-demo-01,UCC6cXNO8OHJhEFSw0jTeWqw,Zen G education ,rohitxdmr@gmail.com,rohitxdmr@gmail.com,7,True,False,True,email,dry_run,SIMULATED_SENT,,2026-10-04T14:37:54.071371+00:00,
6,edxso-technology-demo-01,UC4Gb9HiXn4peb06WzOKaBGg,Aaqib Qayoom,collabwithaaqib@gmail.com,collabwithaaqib@gmail.com,8,True,False,True,email,dry_run,SIMULATED_SENT,,2026-10-04T14:37:54.134376+00:00,
7,edxso-technology-demo-01,UCewRzQI7urWSfHpqVQe3O0Q,Komal Bhojani ,info@komalbhojani.com,info@komalbhojani.com,22,True,False,True,email,dry_run,SIMULATED_SENT,,2026-10-04T14:37:54.195916+00:00,
8,edxso-technology-demo-01,UCCYEo4iFHzdUzGA17Djza-A,Lavin,Lavincreator@gmail.com,lavincreator@gmail.com,11,True,False,True,email,dry_run,SIMULATED_SENT,,2026-10-04T14:37:54.257517+00:00,
9,edxso-technology-demo-01,UCHNStYWEG7vyXW4hjZ0JZRA,Teaching With Intelligence,db@davidbasulto.com,db@davidbasulto.com,6,True,False,False,email,dry_run,DUPLICATE_BLOCKED,,2026-10-04T14:37:54.318353+00:00,
